2013,2014,2015,2016,2017
al,al,al,al,al
alex,alex,christina,emily,julie
christina,christina,dennis,jenn,liv
david,dennis,emily,kay,zoe
dennis,emily,gene,ruby,kay
emily,gene,jen,sean,jenn
gene,jen,jenn,terry,kasey
gloria,jenn,sang,yunhee,cora
jen,jin,julie,julie,sean
jenn,julie,kay,,kara
jin,kay,mike,,sam
julie,mike,ruby,,mason
kay,morgen,sean,,terry
mike,ruby,terry,,yunhee
ruby,sean,yunhee,,rohan
sean,terry,tina,,sang
terry,tina,carolina,,carolina
tina,yunhee,,,ethan
yunhee,,,,dennis
,,,,ruby
,,,,carolina_sister_melissa
,,,,gene
,,,,tina
,,,,tina_sister_bak_min
,,,,tina_brother_sung
,,,,tina_neice_yunah
,,,,matt
,,,,clare
,,,,jack
,,,,clark
,,,,crissy
,,,,jin
,,,,morgen
